-- MySQL dump 10.13  Distrib 8.0.42, for Win64 (x86_64)
--
-- Host: localhost    Database: hotel_db
-- ------------------------------------------------------
-- Server version	8.0.42

/*!40101 SET @OLD_CHARACTER_SET_CLIENT=@@CHARACTER_SET_CLIENT */;
/*!40101 SET @OLD_CHARACTER_SET_RESULTS=@@CHARACTER_SET_RESULTS */;
/*!40101 SET @OLD_COLLATION_CONNECTION=@@COLLATION_CONNECTION */;
/*!50503 SET NAMES utf8mb4 */;
/*!40103 SET @OLD_TIME_ZONE=@@TIME_ZONE */;
/*!40103 SET TIME_ZONE='+00:00' */;
/*!40014 SET @OLD_UNIQUE_CHECKS=@@UNIQUE_CHECKS, UNIQUE_CHECKS=0 */;
/*!40014 SET @OLD_FOREIGN_KEY_CHECKS=@@FOREIGN_KEY_CHECKS, FOREIGN_KEY_CHECKS=0 */;
/*!40101 SET @OLD_SQL_MODE=@@SQL_MODE, SQL_MODE='NO_AUTO_VALUE_ON_ZERO' */;
/*!40111 SET @OLD_SQL_NOTES=@@SQL_NOTES, SQL_NOTES=0 */;

--
-- Table structure for table `bill_items`
--

DROP TABLE IF EXISTS `bill_items`;
/*!40101 SET @saved_cs_client     = @@character_set_client */;
/*!50503 SET character_set_client = utf8mb4 */;
CREATE TABLE `bill_items` (
  `id` bigint NOT NULL AUTO_INCREMENT,
  `discount` double DEFAULT NULL,
  `item_name` varchar(255) DEFAULT NULL,
  `quantity` int DEFAULT NULL,
  `total` double DEFAULT NULL,
  `unit_price` double DEFAULT NULL,
  `bill_id` bigint DEFAULT NULL,
  PRIMARY KEY (`id`),
  KEY `FKj9o7g8krc56gf6t6f0sy4ic5p` (`bill_id`),
  CONSTRAINT `FKj9o7g8krc56gf6t6f0sy4ic5p` FOREIGN KEY (`bill_id`) REFERENCES `bills` (`id`)
) ENGINE=InnoDB AUTO_INCREMENT=17 DEFAULT CHARSET=utf8mb4 COLLATE=utf8mb4_0900_ai_ci;
/*!40101 SET character_set_client = @saved_cs_client */;

--
-- Dumping data for table `bill_items`
--

LOCK TABLES `bill_items` WRITE;
/*!40000 ALTER TABLE `bill_items` DISABLE KEYS */;
INSERT INTO `bill_items` VALUES (1,0,'Tea',2,20,10,1),(2,0,'Coffee',1,20,20,1),(3,0,'Tea',2,20,10,2),(4,0,'Coffee',1,20,20,2),(5,0,'Tea',2,20,10,3),(6,0,'Coffee',1,20,20,3),(7,0,'Tea',2,20,10,4),(8,0,'Coffee',1,20,20,4),(9,0,'Tea',2,20,10,5),(10,0,'Coffee',1,20,20,5),(11,0,'Tea',2,20,10,6),(12,0,'Coffee',1,20,20,6),(13,0,'Tea',2,20,10,7),(14,0,'Coffee',1,20,20,7),(15,0,'Tea',2,20,10,8),(16,0,'Coffee',1,20,20,8);
/*!40000 ALTER TABLE `bill_items` ENABLE KEYS */;
UNLOCK TABLES;

--
-- Table structure for table `bills`
--

DROP TABLE IF EXISTS `bills`;
/*!40101 SET @saved_cs_client     = @@character_set_client */;
/*!50503 SET character_set_client = utf8mb4 */;
CREATE TABLE `bills` (
  `id` bigint NOT NULL AUTO_INCREMENT,
  `bill_number` varchar(255) DEFAULT NULL,
  `created_at` datetime(6) DEFAULT NULL,
  `discount` double DEFAULT NULL,
  `subtotal` double DEFAULT NULL,
  `tax` double DEFAULT NULL,
  `total` double DEFAULT NULL,
  `customer_id` bigint DEFAULT NULL,
  PRIMARY KEY (`id`),
  KEY `FKoy9sc2dmxj2qwjeiiilf3yuxp` (`customer_id`),
  CONSTRAINT `FKoy9sc2dmxj2qwjeiiilf3yuxp` FOREIGN KEY (`customer_id`) REFERENCES `customers` (`id`)
) ENGINE=InnoDB AUTO_INCREMENT=9 DEFAULT CHARSET=utf8mb4 COLLATE=utf8mb4_0900_ai_ci;
/*!40101 SET character_set_client = @saved_cs_client */;

--
-- Dumping data for table `bills`
--

LOCK TABLES `bills` WRITE;
/*!40000 ALTER TABLE `bills` DISABLE KEYS */;
INSERT INTO `bills` VALUES (1,'INV-1001','2025-06-27 18:10:05.027792',5,40,7.2,42.2,NULL),(2,'INV-1001','2025-06-28 11:49:01.271218',5,40,7.2,42.2,NULL),(3,'INV-1001','2025-06-28 12:47:14.092192',5,40,7.2,42.2,NULL),(4,'INV-1001','2025-06-28 12:59:08.657977',5,40,7.2,42.2,NULL),(5,'INV-1001','2025-06-28 15:54:51.275619',5,40,7.2,42.2,NULL),(6,'INV-1001','2025-06-28 16:25:05.103555',5,40,7.2,42.2,NULL),(7,'INV-1001','2025-06-28 17:11:36.811209',5,40,7.2,42.2,NULL),(8,'INV-1001','2025-06-28 18:13:05.668156',5,40,7.2,42.2,NULL);
/*!40000 ALTER TABLE `bills` ENABLE KEYS */;
UNLOCK TABLES;

--
-- Table structure for table `customers`
--

DROP TABLE IF EXISTS `customers`;
/*!40101 SET @saved_cs_client     = @@character_set_client */;
/*!50503 SET character_set_client = utf8mb4 */;
CREATE TABLE `customers` (
  `id` bigint NOT NULL AUTO_INCREMENT,
  `address` varchar(255) DEFAULT NULL,
  `email` varchar(255) DEFAULT NULL,
  `mobile` varchar(255) DEFAULT NULL,
  `name` varchar(255) DEFAULT NULL,
  PRIMARY KEY (`id`)
) ENGINE=InnoDB DEFAULT CHARSET=utf8mb4 COLLATE=utf8mb4_0900_ai_ci;
/*!40101 SET character_set_client = @saved_cs_client */;

--
-- Dumping data for table `customers`
--

LOCK TABLES `customers` WRITE;
/*!40000 ALTER TABLE `customers` DISABLE KEYS */;
/*!40000 ALTER TABLE `customers` ENABLE KEYS */;
UNLOCK TABLES;

--
-- Table structure for table `hotels`
--

DROP TABLE IF EXISTS `hotels`;
/*!40101 SET @saved_cs_client     = @@character_set_client */;
/*!50503 SET character_set_client = utf8mb4 */;
CREATE TABLE `hotels` (
  `hotel_id` bigint NOT NULL AUTO_INCREMENT,
  `address` varchar(255) DEFAULT NULL,
  `created_at` datetime(6) DEFAULT NULL,
  `email` varchar(255) DEFAULT NULL,
  `gst_number` varchar(255) DEFAULT NULL,
  `hotel_name` varchar(255) DEFAULT NULL,
  `hotel_type` varchar(255) DEFAULT NULL,
  `is_active` bit(1) DEFAULT NULL,
  `mobile` varchar(255) DEFAULT NULL,
  `owner_name` varchar(255) DEFAULT NULL,
  `updated_at` datetime(6) DEFAULT NULL,
  PRIMARY KEY (`hotel_id`),
  UNIQUE KEY `UK497hd03hhoy0rnc18gqaibe7e` (`mobile`)
) ENGINE=InnoDB AUTO_INCREMENT=5 DEFAULT CHARSET=utf8mb4 COLLATE=utf8mb4_0900_ai_ci;
/*!40101 SET character_set_client = @saved_cs_client */;

--
-- Dumping data for table `hotels`
--

LOCK TABLES `hotels` WRITE;
/*!40000 ALTER TABLE `hotels` DISABLE KEYS */;
INSERT INTO `hotels` VALUES (1,NULL,'2025-06-27 18:10:04.806414','taj@gmail.com','GSTT1234','Hotel Taj','Luxury',_binary '','9999999991','Rajeev','2025-06-27 18:10:04.806414'),(2,NULL,'2025-06-28 11:49:00.891317','taj@gmail.com','GSTT1234','Hotel Taj','Luxury',_binary '','9985947896','Rajeev','2025-06-28 11:49:00.891317');
/*!40000 ALTER TABLE `hotels` ENABLE KEYS */;
UNLOCK TABLES;

--
-- Table structure for table `orders`
--

DROP TABLE IF EXISTS `orders`;
/*!40101 SET @saved_cs_client     = @@character_set_client */;
/*!50503 SET character_set_client = utf8mb4 */;
CREATE TABLE `orders` (
  `id` bigint NOT NULL AUTO_INCREMENT,
  `created_at` datetime(6) NOT NULL,
  `quantity` int NOT NULL,
  `status` varchar(255) NOT NULL,
  `total_price` double NOT NULL,
  `product_id` bigint NOT NULL,
  PRIMARY KEY (`id`),
  KEY `FKkp5k52qtiygd8jkag4hayd0qg` (`product_id`),
  CONSTRAINT `FKkp5k52qtiygd8jkag4hayd0qg` FOREIGN KEY (`product_id`) REFERENCES `products` (`id`)
) ENGINE=InnoDB DEFAULT CHARSET=utf8mb4 COLLATE=utf8mb4_0900_ai_ci;
/*!40101 SET character_set_client = @saved_cs_client */;

--
-- Dumping data for table `orders`
--

LOCK TABLES `orders` WRITE;
/*!40000 ALTER TABLE `orders` DISABLE KEYS */;
/*!40000 ALTER TABLE `orders` ENABLE KEYS */;
UNLOCK TABLES;

--
-- Table structure for table `products`
--

DROP TABLE IF EXISTS `products`;
/*!40101 SET @saved_cs_client     = @@character_set_client */;
/*!50503 SET character_set_client = utf8mb4 */;
CREATE TABLE `products` (
  `id` bigint NOT NULL AUTO_INCREMENT,
  `category` varchar(255) DEFAULT NULL,
  `name` varchar(100) NOT NULL,
  `price` double DEFAULT NULL,
  `hotel_id` bigint DEFAULT NULL,
  PRIMARY KEY (`id`),
  KEY `FK4kcfnm4xqk3rkrjpxaqx2rl7p` (`hotel_id`),
  CONSTRAINT `FK4kcfnm4xqk3rkrjpxaqx2rl7p` FOREIGN KEY (`hotel_id`) REFERENCES `hotels` (`hotel_id`)
) ENGINE=InnoDB AUTO_INCREMENT=5 DEFAULT CHARSET=utf8mb4 COLLATE=utf8mb4_0900_ai_ci;
/*!40101 SET character_set_client = @saved_cs_client */;

--
-- Dumping data for table `products`
--

LOCK TABLES `products` WRITE;
/*!40000 ALTER TABLE `products` DISABLE KEYS */;
INSERT INTO `products` VALUES (1,'Beverage','Tea',10,1),(2,'Beverage','Coffee',20,1),(3,'Beverage','Tea',10,2),(4,'Beverage','Coffee',20,2);
/*!40000 ALTER TABLE `products` ENABLE KEYS */;
UNLOCK TABLES;

--
-- Table structure for table `tokens`
--

DROP TABLE IF EXISTS `tokens`;
/*!40101 SET @saved_cs_client     = @@character_set_client */;
/*!50503 SET character_set_client = utf8mb4 */;
CREATE TABLE `tokens` (
  `id` bigint NOT NULL AUTO_INCREMENT,
  `access_token` varchar(255) DEFAULT NULL,
  `refresh_token` varchar(255) DEFAULT NULL,
  `revoked` bit(1) NOT NULL,
  `user_id` bigint DEFAULT NULL,
  PRIMARY KEY (`id`),
  KEY `FK2dylsfo39lgjyqml2tbe0b0ss` (`user_id`),
  CONSTRAINT `FK2dylsfo39lgjyqml2tbe0b0ss` FOREIGN KEY (`user_id`) REFERENCES `users` (`id`)
) ENGINE=InnoDB DEFAULT CHARSET=utf8mb4 COLLATE=utf8mb4_0900_ai_ci;
/*!40101 SET character_set_client = @saved_cs_client */;

--
-- Dumping data for table `tokens`
--

LOCK TABLES `tokens` WRITE;
/*!40000 ALTER TABLE `tokens` DISABLE KEYS */;
/*!40000 ALTER TABLE `tokens` ENABLE KEYS */;
UNLOCK TABLES;

--
-- Table structure for table `users`
--

DROP TABLE IF EXISTS `users`;
/*!40101 SET @saved_cs_client     = @@character_set_client */;
/*!50503 SET character_set_client = utf8mb4 */;
CREATE TABLE `users` (
  `id` bigint NOT NULL AUTO_INCREMENT,
  `email` varchar(255) NOT NULL,
  `password` varchar(255) NOT NULL,
  PRIMARY KEY (`id`),
  UNIQUE KEY `UK6dotkott2kjsp8vw4d0m25fb7` (`email`)
) ENGINE=InnoDB AUTO_INCREMENT=5 DEFAULT CHARSET=utf8mb4 COLLATE=utf8mb4_0900_ai_ci;
/*!40101 SET character_set_client = @saved_cs_client */;

--
-- Dumping data for table `users`
--

LOCK TABLES `users` WRITE;
/*!40000 ALTER TABLE `users` DISABLE KEYS */;
INSERT INTO `users` VALUES (1,'admin@taj.com','admin123'),(2,'admin12@taj.com','admin123'),(3,'abhishek@example.com','$2a$10$46knH.2tRgaa0ESb88Lq6O84ZKA7iUjNDWjaTYFlBKgv9irVFeU7W'),(4,'test@example.com','$2a$10$viqCc.jIU1740LtrhEo4qe7oqsSOzNC1CKQIU5wZ8G080N7A8f7M6');
/*!40000 ALTER TABLE `users` ENABLE KEYS */;
UNLOCK TABLES;

--
-- Table structure for table `whatsapp_logs`
--

DROP TABLE IF EXISTS `whatsapp_logs`;
/*!40101 SET @saved_cs_client     = @@character_set_client */;
/*!50503 SET character_set_client = utf8mb4 */;
CREATE TABLE `whatsapp_logs` (
  `id` bigint NOT NULL AUTO_INCREMENT,
  `bill_id` bigint DEFAULT NULL,
  `customer_name` varchar(255) DEFAULT NULL,
  `customer_phone` varchar(255) DEFAULT NULL,
  `error` varchar(255) DEFAULT NULL,
  `message` varchar(1000) DEFAULT NULL,
  `status` varchar(255) DEFAULT NULL,
  `timestamp` datetime(6) DEFAULT NULL,
  PRIMARY KEY (`id`)
) ENGINE=InnoDB DEFAULT CHARSET=utf8mb4 COLLATE=utf8mb4_0900_ai_ci;
/*!40101 SET character_set_client = @saved_cs_client */;

--
-- Dumping data for table `whatsapp_logs`
--

LOCK TABLES `whatsapp_logs` WRITE;
/*!40000 ALTER TABLE `whatsapp_logs` DISABLE KEYS */;
/*!40000 ALTER TABLE `whatsapp_logs` ENABLE KEYS */;
UNLOCK TABLES;
/*!40103 SET TIME_ZONE=@OLD_TIME_ZONE */;

/*!40101 SET SQL_MODE=@OLD_SQL_MODE */;
/*!40014 SET FOREIGN_KEY_CHECKS=@OLD_FOREIGN_KEY_CHECKS */;
/*!40014 SET UNIQUE_CHECKS=@OLD_UNIQUE_CHECKS */;
/*!40101 SET CHARACTER_SET_CLIENT=@OLD_CHARACTER_SET_CLIENT */;
/*!40101 SET CHARACTER_SET_RESULTS=@OLD_CHARACTER_SET_RESULTS */;
/*!40101 SET COLLATION_CONNECTION=@OLD_COLLATION_CONNECTION */;
/*!40111 SET SQL_NOTES=@OLD_SQL_NOTES */;

-- Dump completed on 2025-06-28 18:13:06
